"","CSF-cN","Excit-01","Excit-02","Excit-03","Excit-04","Excit-05","Excit-06","Excit-07","Excit-08","Excit-09","Excit-10","Excit-11","Excit-12","Excit-13","Excit-14","Excit-15","Excit-16","Excit-17","Excit-18","Excit-19","Excit-20","Excit-21","Excit-22","Excit-23","Excit-24","Excit-25","Excit-26","Excit-27","Excit-28","Excit-29","Excit-30","Excit-31","Excit-32","Excit-33","Excit-34","Excit-35","Excit-36","Excit-37","Excit-38","Inhib-01","Inhib-02","Inhib-03","Inhib-04","Inhib-05","Inhib-06","Inhib-07","Inhib-08","Inhib-09","Inhib-10","Inhib-11","Inhib-12","Inhib-13","Inhib-14","Inhib-15","Inhib-16","Inhib-17","Inhib-18","Inhib-19","Inhib-20","Inhib-21","Inhib-22","Inhib-23","Inhib-24","Inhib-25","Inhib-26","Inhib-27","MN-alpha","MN-gamma","PGC"
"CSF-cN",0,0,0,0,0,0,0,0,0,0,0,5.81457676658394e-05,5.85308389748847e-05,5.236969803016e-05,5.54502685025224e-05,4.92891275577977e-05,5.39099832663412e-05,6.31516946834283e-05,0,0,0,0,6.46919799196094e-05,0,0,0,0,0,0,7.7822911558054e-05,6.9312835628153e-05,7.86508148725013e-05,9.76925911047911e-05,0,6.62322651557906e-05,0.00015710909409048,7.17484116578644e-05,1.53643452309072e-05,8.48600897308567e-05,0,0,1.09745323077909e-06,2.19490646155818e-06,0,0,6.16114094472471e-05,0,6.31516946834283e-05,2.19490646155818e-06,0,0,0,0,5.12144841030241e-05,5.85308389748847e-05,6.95438784135801e-05,0,0,8.56879930453041e-05,0,0.000107213479220936,8.27903314447382e-05,6.95438784135801e-05,0,7.200833479147e-05,6.16114094472471e-05,0.000248024430156074,8.77577513314225e-05,0
"Excit-01",0,0,0,0,0,0,0,0,0,0,0,6.25067002407774e-05,6.29206518980011e-05,5.6297425382422e-05,5.96090386402116e-05,5.29858121246325e-05,5.79532320113168e-05,6.78880717846854e-05,0,0,0,0,6.95438784135801e-05,0,0,0,0,0,0,7.7822911558054e-05,7.41454805566714e-05,7.86508148725013e-05,9.76925911047911e-05,0,7.11996850424749e-05,0.000152488238381937,7.16713973960554e-05,1.2437803282163e-05,8.48600897308567e-05,0,0,5.22734302028987e-05,1.88684941432194e-06,0,4.63625856090534e-05,6.62322651557906e-05,0,6.78880717846854e-05,1.88684941432194e-06,0,0,0,0,5.5055570410751e-05,6.29206518980011e-05,6.95438784135801e-05,0,5.38137154390799e-05,8.56879930453041e-05,0,0.000107213479220936,8.27903314447382e-05,6.95438784135801e-05,0,7.74089599008303e-05,6.62322651557906e-05,0.000187337191850536,8.77577513314225e-05,0
"Excit-02",8.89284095738008e-08,1.44508665557426e-06,1.17830142685286e-06,1.24499773403321e-06,8.00355686164207e-07,8.67051993344558e-07,7.55891481377307e-07,7.33659378983857e-07,1.17830142685286e-06,7.55891481377307e-07,3.11249433508303e-07,5.34872602237149e-05,5.32891378932161e-05,1.68408175630385e-06,5.1083543079123e-05,1.24499773403321e-06,4.93193406258713e-05,5.9037503352037e-05,8.22587788557658e-07,1.86749660104982e-06,1.84526449865637e-06,2.57892387764022e-06,6.17354541058136e-05,1.37839034839391e-06,1.28946193882011e-06,1.1282791964676e-06,3.77945740688653e-07,1.64517557711531e-06,3.02356592550923e-06,6.94559773035964e-05,6.70803920345248e-05,6.94932586392712e-05,0.000144949791689163,9.78212505311809e-07,6.14543031388679e-05,0.000223339793760517,6.43117908179511e-05,2.15614578219482e-05,7.48362299769401e-05,2.62894610802549e-06,2.03423736900069e-06,5.18140490072354e-06,5.32168058373224e-06,2.17318800895976e-06,3.0569140790994e-06,5.85182986328185e-05,2.35660285370572e-06,6.04270097516276e-05,4.33791005282207e-06,2.79568687597636e-06,2.57336585204186e-06,2.12872380417286e-06,3.1458424886732e-06,1.76189411468093e-06,5.65239087914631e-05,6.09795626244363e-05,3.42374376859133e-06,1.70075583309894e-06,7.52069928485165e-05,1.82303239626292e-06,0.000159405685210014,0.000122795849572633,6.12908120579446e-05,1.67296570510713e-06,6.67194621181597e-05,5.7851335561015e-05,0.000277000435321122,0.000130880808170203,1.88972870344327e-06
"Excit-03",4.89106252655905e-07,1.72854596109075e-06,1.73410398668912e-06,1.60071137232841e-06,1.24499773403321e-06,1.42285455318081e-06,1.4395286299759e-06,1.15606932445941e-06,1.66740767950877e-06,1.17830142685286e-06,1.00044460770526e-06,1.72854596109075e-06,1.50066691155789e-06,2.21765221374666e-06,1.77856819147602e-06,1.82303239626292e-06,1.66740767950877e-06,2.35660285370572e-06,1.31169404121356e-06,2.23432629054175e-06,2.15651393216467e-06,2.69008438960747e-06,3.51267217816513e-06,1.85638054985309e-06,1.89528672904163e-06,1.5729212443366e-06,1.28946193882011e-06,2.06758552259087e-06,3.2792351030339e-06,4.30191181313262e-06,5.89851810110992e-06,3.64606479252583e-06,5.4072962754474e-05,1.37839034839391e-06,2.33437075131227e-06,9.04901921398904e-05,4.41394869595557e-06,1.36972813559315e-05,3.79057345808326e-06,2.7456646455911e-06,2.59003992883695e-06,4.89281526827045e-06,4.46660003890794e-06,2.69564241520584e-06,3.25700300064045e-06,3.29035115423063e-06,2.82347700396818e-06,3.63494874132911e-06,3.73849868552244e-06,3.17363261666502e-06,2.64006215922221e-06,2.55113374964841e-06,3.25700300064046e-06,2.00644724100888e-06,3.95731422603414e-06,2.86794120875508e-06,3.42374376859133e-06,2.06758552259087e-06,3.46820797337823e-06,1.93419290823017e-06,5.96722161672825e-05,3.44597587098478e-06,3.06803013029613e-06,1.85082252425473e-06,1.93419290823017e-06,2.51222757045987e-06,0.000103333274941694,4.34637601791952e-06,2.26767444413192e-06
"Excit-04",0,0,0,0,0,0,0,0,3.85071309045294e-08,0,0,0,0,0,0,0,0,0,0,0,0,0,0,0,0,0,0,0,0,0,2.15639933065365e-06,0,4.99822559140792e-05,0,0,7.97482681032804e-05,2.69549916331706e-07,6.66173364648359e-06,0,0,0,5.77606963567941e-07,1.11670679623135e-06,0,0,0,0,0,1.07819966532682e-06,3.85071309045294e-08,0,0,0,0,0,0,0,0,0,0,5.48822883216806e-05,0,0,0,0,0,9.59597702140873e-05,0,0
"Excit-05",0,0,0,0,0,0,0,0,0,0,0,0,0,0,0,0,0,0,0,0,0,0,0,0,0,0,0,0,0,0,2.84952768693518e-06,4.20690405131984e-05,5.22541766374464e-05,0,0,8.77962584623271e-05,3.56190960866897e-07,9.97334690427312e-06,0,0,0,7.12381921733794e-07,1.42476384346759e-06,0,0,0,0,0,1.42476384346759e-06,0,0,0,0,0,0,0,0,0,0,0,5.73467446995704e-05,4.42832005402088e-05,0,0,0,0,0.00015668551565053,0,0
"Excit-06",0,0,0,0,0,0,0,0,0,0,0,4.94239025159635e-05,4.9751213128652e-05,0,4.7132728227144e-05,0,4.582348577639e-05,5.3678940480914e-05,0,0,0,0,5.4988182931668e-05,0,0,0,0,0,0,6.1534395185438e-05,5.98015742947342e-05,6.2189016410815e-05,0.000120411798338464,0,5.6297425382422e-05,0.000184256621378173,5.68172716496332e-05,1.45556954819121e-05,6.70986756011425e-05,0,0,1.03969253442229e-06,2.07938506884459e-06,0,0,5.236969803016e-05,0,5.3678940480914e-05,2.07938506884459e-06,0,0,0,0,0,4.9751213128652e-05,5.4988182931668e-05,0,0,6.77532968265195e-05,0,0.000132146846481619,6.54621225377e-05,5.4988182931668e-05,0,6.12070845727495e-05,5.236969803016e-05,0.000230657714118131,6.9389849889962e-05,0
"Excit-07",0,0,0,0,0,0,0,0,0,0,0,0,0,0,0,0,0,5.05213557467426e-05,0,0,0,0,5.17535839356875e-05,0,0,0,0,0,0,5.79147248804122e-05,2.84952768693518e-06,5.85308389748847e-05,7.27014631477515e-05,0,5.29858121246325e-05,0.000113788571822884,5.33420030854994e-05,9.35723280980065e-06,6.31516946834282e-05,0,0,7.12381921733794e-07,1.42476384346759e-06,0,0,4.92891275577977e-05,0,5.05213557467426e-05,1.42476384346759e-06,0,0,0,0,0,4.68246711799078e-05,5.17535839356875e-05,0,0,6.37678087779007e-05,0,7.9786775234185e-05,6.16114094472471e-05,5.17535839356875e-05,0,5.7606667833176e-05,4.92891275577977e-05,0.000139434321005301,6.53080940140819e-05,0
"Excit-08",0,0,0,0,0,0,0,0,0,0,0,0,4.82879421542799e-05,0,4.5746471514581e-05,0,4.44757361947315e-05,5.21001481138283e-05,0,0,0,0,5.33708834336778e-05,0,0,0,0,0,0,5.97245600329251e-05,2.92654194874424e-06,6.03599276928499e-05,7.49733838711188e-05,0,5.46416187535273e-05,0.000117254213604292,5.50074364971203e-05,9.62678272613236e-06,6.51251851422854e-05,0,0,7.31635487186059e-07,1.46327097437212e-06,0,0,5.08294127939789e-05,0,5.21001481138283e-05,1.46327097437212e-06,0,0,0,0,0,4.82879421542799e-05,5.33708834336778e-05,0,0,6.57605528022101e-05,0,8.22801119602533e-05,6.35367659924735e-05,5.33708834336778e-05,0,5.94068762029628e-05,5.08294127939788e-05,0.000143785626797513,6.7348971952022e-05,0
"Excit-09",0,0,0,0,0,0,0,0,0,0,0,0,0,0,0,0,0,0,0,0,0,0,0,0,0,0,0,0,0,0,1.57879236708571e-06,0,0,0,0,6.38255694742575e-05,1.97349045885713e-07,5.12144841030242e-06,0,0,0,3.94698091771427e-07,7.89396183542853e-07,0,0,0,0,0,7.89396183542853e-07,0,0,0,0,0,0,0,0,0,0,0,0,0,0,0,0,0,7.84197720870742e-05,0,0
"Excit-10",0,0,0,0,0,0,0,0,0,0,0,0,0,0,0,0,0,0,0,0,0,0,0,0,0,0,0,0,0,0,1.69431375979929e-06,0,4.7710335190712e-05,0,0,7.33560843731286e-05,2.11789219974912e-07,5.66054824296583e-06,0,0,0,4.23578439949824e-07,8.47156879899647e-07,0,0,0,0,0,8.47156879899647e-07,0,0,0,0,0,0,0,0,0,0,0,5.23600712474339e-05,0,0,0,0,0,9.14159287673529e-05,0,0
"Excit-11",4.00177843082104e-07,1.57847926993496e-06,1.57847926993496e-06,1.60071137232841e-06,1.13383722206596e-06,1.42285455318081e-06,1.2172076060414e-06,9.55980402918359e-07,1.53401506514806e-06,1.13383722206596e-06,9.11516198131458e-07,1.48955086036116e-06,1.36727429719719e-06,2.10649170177941e-06,1.68963978190222e-06,1.75633608908257e-06,1.60071137232841e-06,5.08600039368043e-05,1.26722983642666e-06,2.18986208575485e-06,2.08981762498432e-06,2.69008438960747e-06,3.51267217816513e-06,1.67852373070549e-06,1.76189411468093e-06,1.395064425189e-06,1.08937301727906e-06,1.95642501062362e-06,3.2792351030339e-06,5.99543427529038e-05,6.06584311629794e-06,5.98905428699541e-05,7.39522690839373e-05,1.17830142685286e-06,5.3139264077859e-05,0.0001173489159458,5.53564761869665e-05,1.38001974289778e-05,6.44754050679401e-05,2.72343254319765e-06,2.45664731447625e-06,4.92353047087073e-06,4.57249464889539e-06,2.4788794168697e-06,3.12361038627975e-06,3.15695853986993e-06,2.73454859439437e-06,5.2004957210067e-05,3.73323278354265e-06,3.04024000230432e-06,2.57336585204186e-06,2.37327693050081e-06,3.1458424886732e-06,1.76189411468093e-06,3.84615371406689e-06,5.24665081575941e-05,3.26811905183718e-06,1.93419290823017e-06,6.47450867208922e-05,1.82303239626292e-06,8.148891252038e-05,6.26506896366988e-05,3.04579802790268e-06,1.76189411468093e-06,1.84526449865637e-06,4.97648380710638e-05,0.000141176157838121,6.71033726095763e-05,2.15651393216467e-06
"Excit-12",0,0,0,0,0,0,0,0,0,0,0,0,0,0,0,0,0,0,0,0,0,0,0,0,0,0,0,0,0,0,1.84834228341741e-06,0,4.99822559140792e-05,0,0,7.73993331181041e-05,2.31042785427177e-07,6.19964807562924e-06,0,0,0,4.62085570854353e-07,9.24171141708706e-07,0,0,0,0,0,9.24171141708706e-07,0,0,0,0,0,0,0,0,0,0,0,5.48534079735022e-05,0,0,0,0,0,9.58057416904692e-05,0,0
"Excit-13",2.89017331114853e-07,1.5284570395497e-06,1.42285455318081e-06,1.28946193882011e-06,9.33748300524909e-07,1.00044460770526e-06,1.2172076060414e-06,8.44819890951108e-07,1.51178296275461e-06,1.02267671009871e-06,8.89284095738008e-07,5.94886704766252e-05,5.92877424021609e-05,5.41933433240378e-05,5.65710230823493e-05,5.06262460876767e-05,5.51070609360746e-05,6.50913673429691e-05,1.00044460770526e-06,2.23432629054175e-06,2.15651393216467e-06,2.69008438960747e-06,6.7800327223277e-05,1.47843480916444e-06,1.89528672904163e-06,1.3506002204021e-06,9.55980402918359e-07,1.62294347472186e-06,3.07914618149285e-06,8.16723645830584e-05,7.19334342110148e-05,8.18396074855359e-05,0.000101215317764344,1.26722983642666e-06,6.80859879426988e-05,0.000157781403395556,7.5322423560965e-05,1.66719572183064e-05,8.81572905742257e-05,2.65117821041894e-06,2.4344152120828e-06,5.07160192060647e-06,4.91865977875215e-06,2.5678078264435e-06,3.16807459106665e-06,6.44277608828586e-05,2.71231649200092e-06,6.63919453329859e-05,4.09607199019449e-06,3.17363261666502e-06,2.64006215922221e-06,2.55113374964841e-06,3.25700300064046e-06,5.29008408183891e-05,6.21223354573258e-05,6.71555962538669e-05,3.42374376859133e-06,2.06758552259087e-06,8.8658015012605e-05,1.91196080583672e-06,0.000111408953233199,8.57549681794164e-05,7.22075836693787e-05,1.76189411468093e-06,7.347024350486e-05,6.37385657086617e-05,0.000193314813082854,9.15939078648571e-05,2.24544234173847e-06
"Excit-14",4.89106252655905e-07,1.72854596109075e-06,1.73410398668912e-06,1.60071137232841e-06,1.24499773403321e-06,1.42285455318081e-06,1.4395286299759e-06,1.15606932445941e-06,1.66740767950877e-06,1.17830142685286e-06,1.00044460770526e-06,1.72854596109075e-06,1.50066691155789e-06,2.21765221374666e-06,1.77856819147602e-06,1.82303239626292e-06,1.66740767950877e-06,2.35660285370572e-06,1.31169404121356e-06,2.23432629054175e-06,2.15651393216467e-06,2.69008438960747e-06,3.51267217816513e-06,1.85638054985309e-06,1.89528672904163e-06,1.5729212443366e-06,1.28946193882011e-06,2.06758552259087e-06,3.2792351030339e-06,4.30191181313262e-06,5.74448957749181e-06,3.64606479252583e-06,5.18010420311068e-05,1.37839034839391e-06,2.33437075131227e-06,8.64469433949149e-05,4.3946951305033e-06,1.31581815232681e-05,3.79057345808326e-06,2.7456646455911e-06,2.59003992883695e-06,4.85430813736592e-06,4.38958577709888e-06,2.69564241520584e-06,3.25700300064045e-06,3.29035115423063e-06,2.82347700396818e-06,3.63494874132911e-06,3.66148442371339e-06,3.17363261666502e-06,2.64006215922221e-06,2.55113374964841e-06,3.25700300064046e-06,2.00644724100888e-06,3.95731422603414e-06,2.86794120875508e-06,3.42374376859133e-06,2.06758552259087e-06,3.46820797337823e-06,1.93419290823017e-06,5.71788794412142e-05,3.44597587098478e-06,3.06803013029613e-06,1.85082252425473e-06,1.93419290823017e-06,2.51222757045987e-06,9.8943462018578e-05,4.34637601791952e-06,2.26767444413192e-06
"Excit-15",4.89106252655905e-07,1.72854596109075e-06,1.73410398668912e-06,1.60071137232841e-06,1.24499773403321e-06,1.42285455318081e-06,1.4395286299759e-06,1.15606932445941e-06,1.74442194131782e-06,1.17830142685286e-06,1.00044460770526e-06,1.72854596109075e-06,1.50066691155789e-06,2.21765221374666e-06,1.77856819147602e-06,1.82303239626292e-06,1.66740767950877e-06,2.35660285370572e-06,1.31169404121356e-06,2.23432629054175e-06,2.15651393216467e-06,2.69008438960747e-06,3.51267217816513e-06,1.85638054985309e-06,1.89528672904163e-06,1.5729212443366e-06,1.28946193882011e-06,2.06758552259087e-06,3.2792351030339e-06,4.30191181313262e-06,6.05254662472804e-06,4.75441940236894e-05,5.86168042012085e-05,1.37839034839391e-06,2.33437075131227e-06,9.74984899645148e-05,4.43320226140783e-06,1.4236381188595e-05,3.79057345808326e-06,2.7456646455911e-06,2.59003992883695e-06,5.00833666098404e-06,4.62062856252606e-06,2.69564241520584e-06,3.25700300064045e-06,3.29035115423063e-06,2.82347700396818e-06,3.63494874132911e-06,3.8155129473315e-06,3.25064687847408e-06,2.64006215922221e-06,2.55113374964841e-06,3.25700300064046e-06,2.00644724100888e-06,3.95731422603414e-06,2.86794120875508e-06,3.42374376859133e-06,2.06758552259087e-06,5.12940645568038e-05,1.93419290823017e-06,6.47166503157758e-05,4.96545329564201e-05,3.06803013029613e-06,1.85082252425473e-06,1.93419290823017e-06,2.51222757045987e-06,0.000112035886526118,4.34637601791952e-06,2.26767444413192e-06
"Excit-16",0,0,0,0,0,0,0,0,7.70142618090589e-08,0,0,0,0,0,0,0,0,0,0,0,0,3.85071309045294e-08,3.85071309045294e-08,0,3.85071309045294e-08,0,0,0,5.77606963567941e-08,0,1.42476384346759e-06,0,3.85071309045294e-08,0,0,6.47689941814185e-05,2.59923133605574e-07,7.16232634824247e-06,0,0,0,5.96860529020206e-07,1.11670679623135e-06,0,0,0,0,0,1.03969253442229e-06,7.70142618090589e-08,0,0,0,0,0,0,0,0,0,0,5.77606963567941e-08,0,0,0,0,0,7.45112983002644e-05,0,0
"Excit-17",0,0,0,0,0,0,0,0,0,0,0,0,0,0,0,0,0,0,0,0,0,0,0,0,0,0,0,0,0,5.06753842703607e-05,2.92654194874424e-06,5.12144841030241e-05,6.36137802542826e-05,0,4.63625856090534e-05,0.000102814039515094,3.6581774359303e-07,1.01273754278912e-05,5.52577328479997e-05,0,0,7.31635487186059e-07,1.46327097437212e-06,0,0,0,0,0,1.46327097437212e-06,0,0,0,0,0,0,0,0,0,5.57968326806631e-05,0,6.98134283299118e-05,5.39099832663412e-05,0,0,0,0,0.000122221633490976,5.71445822623217e-05,0
"Excit-18",0,0,0,0,0,0,0,0,3.85071309045294e-08,0,0,0,0,0,0,0,0,0,0,3.85071309045294e-08,0,0,0,0,0,0,0,0,0,0,8.85664010804177e-07,0,0,0,0,6.06872383055384e-05,1.92535654522647e-07,4.86152527669684e-06,0,0,0,3.85071309045294e-07,7.70142618090589e-07,0,0,0,0,0,7.70142618090589e-07,4.81339136306618e-08,0,0,0,0,0,0,0,0,0,0,0,0,0,0,0,0,7.40877198603146e-05,0,0
"Excit-19",4.89106252655905e-07,1.72854596109075e-06,1.73410398668912e-06,1.60071137232841e-06,1.24499773403321e-06,1.42285455318081e-06,1.4395286299759e-06,1.15606932445941e-06,1.85994333403141e-06,1.17830142685286e-06,1.00044460770526e-06,1.72854596109075e-06,1.50066691155789e-06,2.21765221374666e-06,1.77856819147602e-06,1.82303239626292e-06,1.66740767950877e-06,2.35660285370572e-06,1.31169404121356e-06,2.42686194506439e-06,2.15651393216467e-06,2.69008438960747e-06,3.51267217816513e-06,1.85638054985309e-06,1.89528672904163e-06,1.5729212443366e-06,1.28946193882011e-06,2.06758552259087e-06,3.2792351030339e-06,4.30191181313262e-06,5.74448957749181e-06,4.93732827416545e-05,6.08887249245757e-05,1.37839034839391e-06,2.33437075131227e-06,9.81916183207963e-05,4.3946951305033e-06,1.24361728188082e-05,3.79057345808326e-06,2.7456646455911e-06,2.59003992883695e-06,4.85430813736592e-06,4.38958577709888e-06,2.69564241520584e-06,3.25700300064045e-06,3.29035115423063e-06,2.82347700396818e-06,3.63494874132911e-06,3.66148442371338e-06,3.41430218481833e-06,2.64006215922221e-06,2.55113374964841e-06,3.25700300064046e-06,2.00644724100888e-06,3.95731422603414e-06,2.86794120875508e-06,3.42374376859133e-06,2.06758552259087e-06,5.32868085811132e-05,1.93419290823017e-06,6.71522263454873e-05,5.15798895016465e-05,3.06803013029613e-06,1.85082252425473e-06,1.93419290823017e-06,2.51222757045987e-06,0.000116194656663807,4.34637601791952e-06,2.26767444413192e-06
"Excit-20",4.89106252655905e-07,1.72854596109075e-06,1.73410398668912e-06,1.60071137232841e-06,1.24499773403321e-06,1.42285455318081e-06,1.4395286299759e-06,1.15606932445941e-06,1.66740767950877e-06,1.17830142685286e-06,1.00044460770526e-06,5.62402031478152e-05,5.63733284505123e-05,5.13142441170217e-05,5.37631949125907e-05,4.80315894816982e-05,5.22080169917036e-05,6.15613166194197e-05,1.31169404121356e-06,2.23432629054175e-06,2.15651393216467e-06,2.69008438960747e-06,6.4161403352799e-05,1.85638054985309e-06,1.89528672904163e-06,1.5729212443366e-06,1.28946193882011e-06,2.06758552259087e-06,3.2792351030339e-06,7.76002354899044e-05,6.86170075618622e-05,7.77241578701143e-05,9.61034961367679e-05,1.37839034839391e-06,6.4427119334866e-05,0.000154026958132364,6.66751659772166e-05,1.84144048917364e-05,8.37169370417972e-05,2.7456646455911e-06,2.59003992883695e-06,4.99942923402005e-05,5.1404748297372e-06,2.69564241520584e-06,3.25700300064045e-06,6.10510475110248e-05,2.82347700396818e-06,6.28396625070431e-05,4.41237347635171e-06,3.17363261666502e-06,2.64006215922221e-06,2.55113374964841e-06,3.25700300064046e-06,5.0020026087594e-05,5.88299757649886e-05,6.35166723833889e-05,3.42374376859133e-06,2.06758552259087e-06,8.41743409579088e-05,1.93419290823017e-06,0.000105798945599546,8.14229159526569e-05,6.371676130493e-05,1.85082252425473e-06,6.94420067752333e-05,6.0272923927254e-05,0.000226921911579782,8.70019325044919e-05,2.26767444413192e-06
"Excit-21",8.44819890951109e-07,3.41262771739461e-06,3.42374376859134e-06,3.15695853986993e-06,2.44553126327953e-06,2.80124490157473e-06,2.87905725995181e-06,2.26767444413192e-06,5.64590721506596e-05,2.26767444413193e-06,1.95642501062362e-06,0.000104804310084702,0.000153352426439851,9.57549653675849e-05,0.000100248542084225,8.46206040108688e-05,0.000141727156464858,0.000166845193015894,2.53445967285333e-06,5.76373735775125e-05,5.87476707892448e-05,7.69047577386968e-05,0.000173202867774827,5.43496382391624e-05,6.70866698824035e-05,6.89293185651794e-05,6.58305560971736e-05,6.23231155507695e-05,6.55847020606782e-06,0.000194564385546964,0.000182738673387633,0.000195230995355971,0.000241621268006773,5.58810374884299e-05,0.000174802872621562,0.000371879485738986,0.000179315812776034,0.000110679529784478,0.000210357291563737,5.92930112518544e-05,6.84761762819941e-05,9.37552428652304e-05,6.28062848123661e-05,5.85155416220538e-05,7.74056339965196e-05,0.000164845010326077,7.14748942892294e-05,0.000169446348995928,8.84767022699945e-06,6.30280102854314e-06,7.35509800471365e-05,5.05780329450993e-06,8.12033997819788e-05,9.33181511366661e-05,0.000158265721068803,0.000171913405836007,8.09039203536374e-05,8.64200963967981e-05,0.000211690864444547,7.97792373208577e-05,0.000265827964991076,0.000204722336763989,0.000172313583679089,5.68259018401516e-05,0.000129388455404299,0.000163288763158536,0.000461458608295934,0.00021839296015918,4.49088468347695e-06
"Excit-22",6.22498867016607e-07,3.23477089824701e-06,3.11249433508303e-06,3.11249433508303e-06,2.40106705849263e-06,2.57892387764023e-06,4.73066595410526e-05,2.22321023934502e-06,5.54524069958312e-05,2.22321023934502e-06,1.60071137232842e-06,0.000158819163609154,0.000159571328080932,0.000144524246658171,0.000151664283603265,8.86253456249399e-05,0.000147321699572546,0.000173555060576008,2.40106705849263e-06,5.70308862657662e-05,5.81267433034092e-05,7.60888879026571e-05,0.000180076390641286,5.37720312755944e-05,6.63646611779436e-05,6.82228937173279e-05,6.51530115975005e-05,6.17033317474532e-05,6.55847020606782e-06,0.000202256184945144,0.000190021334519952,0.000203004622407322,0.000251276931081084,5.51411575623229e-05,0.000181840050794364,0.000386608463309968,0.000186393904775422,0.000110987586831714,0.00021874462601388,5.86793038530635e-05,6.75763107583866e-05,9.29417797248722e-05,6.24484852523857e-05,5.77756616959467e-05,7.65969842475245e-05,0.000171391222579847,7.05906126222304e-05,0.000176156216556042,8.6556118950485e-06,6.30280102854314e-06,7.27712106463198e-05,4.79101806578853e-06,8.03514295107161e-05,9.23578795597344e-05,0.000164484622709885,0.000178786928702465,8.00591701694192e-05,8.54814850810002e-05,0.000220160026547862,7.87794342611451e-05,0.000276424646076867,0.000212905102081202,0.000179187106545547,3.56825243414876e-06,0.000196490681383643,0.000169834975412306,0.000479951657912834,0.000227066691395425,4.53534888826385e-06
"Excit-23",4.89106252655905e-07,1.72854596109075e-06,1.73410398668912e-06,1.60071137232841e-06,1.24499773403321e-06,1.42285455318081e-06,1.4395286299759e-06,1.15606932445941e-06,1.66740767950877e-06,1.17830142685286e-06,1.00044460770526e-06,5.11524484770543e-05,5.12518800402099e-05,2.21765221374666e-06,1.77856819147602e-06,1.82303239626292e-06,1.66740767950877e-06,5.60355433346197e-05,1.31169404121356e-06,2.23432629054175e-06,2.15651393216467e-06,2.69008438960747e-06,5.85008551098332e-05,1.85638054985309e-06,1.89528672904163e-06,1.5729212443366e-06,1.28946193882011e-06,2.06758552259087e-06,3.2792351030339e-06,6.58363069985706e-05,6.31971288870497e-05,6.58350812033409e-05,0.000125638465540542,1.37839034839391e-06,5.86317961337343e-05,0.000193881838618552,6.09183499069894e-05,1.93770831643496e-05,7.08892490592258e-05,2.7456646455911e-06,2.59003992883695e-06,5.30676692549414e-06,5.29450335335532e-06,2.69564241520584e-06,3.25700300064045e-06,5.56600491843907e-05,2.82347700396818e-06,5.73138892222431e-05,4.56640199996983e-06,3.17363261666502e-06,2.64006215922221e-06,2.55113374964841e-06,3.25700300064046e-06,2.00644724100888e-06,5.37085273546862e-05,5.78561241404231e-05,3.42374376859133e-06,2.06758552259087e-06,7.12215047998977e-05,1.93419290823017e-06,0.000138212323038433,6.89080984086848e-05,5.80562130619642e-05,1.85082252425473e-06,6.31412774809797e-05,5.48819256006199e-05,0.000240014336087322,7.37362259078815e-05,2.26767444413192e-06
"Excit-24",4.66874150262454e-07,1.7063138586973e-06,1.71187188429567e-06,1.57847926993496e-06,1.24499773403321e-06,1.40062245078736e-06,1.40062245078736e-06,1.15606932445941e-06,1.57847926993496e-06,1.15606932445941e-06,9.78212505311809e-07,5.14046990129985e-05,5.15287693742291e-05,2.21765221374666e-06,4.92578605967608e-05,1.82303239626292e-06,1.66740767950877e-06,5.64302414263912e-05,1.31169404121356e-06,2.23432629054175e-06,2.15651393216467e-06,2.69008438960747e-06,5.89051799843307e-05,1.85638054985309e-06,1.89528672904163e-06,1.5729212443366e-06,1.28946193882011e-06,2.06758552259087e-06,3.2792351030339e-06,7.17182712442375e-05,6.33559708020309e-05,7.17796195367276e-05,8.87197537858244e-05,1.37839034839391e-06,5.9045747790958e-05,0.000145074050197061,6.62684344070375e-05,1.86165673289852e-05,7.73030930505115e-05,2.7456646455911e-06,2.59003992883695e-06,5.24419283777428e-06,5.1693551779156e-06,2.69564241520584e-06,3.25700300064045e-06,5.6045120493436e-05,2.82347700396818e-06,5.77085873140146e-05,4.44125382453011e-06,3.17363261666502e-06,2.64006215922221e-06,2.55113374964841e-06,3.25700300064046e-06,2.00644724100888e-06,5.40743450982792e-05,6.31123475088914e-05,3.42374376859133e-06,2.06758552259087e-06,7.76979228789033e-05,1.93419290823017e-06,9.76956012398238e-05,7.51655071806708e-05,5.84605379364617e-05,1.85082252425473e-06,6.35913295734264e-05,5.52669969096652e-05,0.00023018539092394,8.03690792061867e-05,2.26767444413192e-06
"Excit-25",3.11249433508303e-07,1.72854596109075e-06,1.53401506514806e-06,1.40062245078736e-06,1.04490881249216e-06,1.11160511967251e-06,1.3061360156152e-06,9.78212505311809e-07,1.66740767950877e-06,1.17830142685286e-06,1.00044460770526e-06,1.72854596109075e-06,1.21164958044304e-06,2.21765221374666e-06,1.46731875796771e-06,1.82303239626292e-06,1.66740767950877e-06,2.35660285370572e-06,1.02267671009871e-06,2.23432629054175e-06,2.15651393216467e-06,2.69008438960747e-06,5.20316571178722e-05,1.61182742352514e-06,1.89528672904163e-06,1.37283232279555e-06,1.08937301727906e-06,1.77856819147602e-06,3.17919064226338e-06,5.85969663885191e-05,6.18732158289389e-06,5.85187263314803e-05,7.22483285414119e-05,1.37839034839391e-06,5.20085696181552e-05,0.000115760496795988,5.41242479980215e-05,1.38224295313713e-05,6.29952872237973e-05,2.7456646455911e-06,2.59003992883695e-06,4.96501613871644e-06,4.61100177979992e-06,2.69564241520584e-06,3.25700300064045e-06,3.29035115423063e-06,2.82347700396818e-06,3.63494874132911e-06,3.88290042641443e-06,3.17363261666502e-06,2.64006215922221e-06,2.55113374964841e-06,3.25700300064046e-06,2.00644724100888e-06,3.95731422603414e-06,5.13869261484622e-05,3.42374376859133e-06,2.06758552259087e-06,6.32505287026602e-05,1.93419290823017e-06,7.96189099758287e-05,6.12066722277789e-05,3.06803013029613e-06,1.85082252425473e-06,1.93419290823017e-06,4.87207846558952e-05,0.000137980065973045,6.55727141561213e-05,2.26767444413192e-06
"Excit-26",0,0,0,0,0,0,0,0,0,0,0,0,0,0,0,0,0,0,0,0,0,0,0,0,0,0,0,0,0,0,3.0035562105533e-06,0,5.22541766374464e-05,0,0,8.8951472389463e-05,3.75444526319162e-07,1.03969253442229e-05,0,0,0,7.50889052638324e-07,1.50177810527665e-06,0,0,0,0,0,1.50177810527665e-06,0,0,0,0,0,0,0,0,0,0,0,5.73467446995704e-05,0,0,0,0,0,0.000165388127234954,0,0
"Excit-27",0,0,0,0,0,0,0,0,0,0,0,5.08775467076095e-05,0,0,0,0,0,5.52577328479997e-05,0,0,0,0,5.66054824296583e-05,0,0,0,0,0,0,6.87737357954895e-05,6.6193758024886e-05,6.95053712826756e-05,8.6332987487955e-05,0,6.29206518980011e-05,0.000139780885183442,6.342124459976e-05,1.40165956492487e-05,7.49926374365711e-05,0,0,1.00118540351777e-06,2.00237080703553e-06,0,0,5.39099832663412e-05,0,5.52577328479997e-05,2.00237080703553e-06,0,0,0,0,0,0,6.1457380923629e-05,0,0,7.57242729237571e-05,0,9.47467955905946e-05,7.31635487186059e-05,5.66054824296583e-05,0,6.30072929425363e-05,5.39099832663412e-05,0.000226267901195015,7.75533616417222e-05,0
"Excit-28",0,0,0,0,0,0,0,0,0,0,0,6.75944549115383e-05,7.3895184205792e-05,6.0879773960061e-05,6.44609371341823e-05,5.72986107859398e-05,6.80613538737558e-05,7.97290145378282e-05,0,0,0,0,8.16736246485069e-05,0,0,0,0,0,0,9.13966752019006e-05,8.86915492558574e-05,9.236898025724e-05,0.000114731996530045,0,8.36182347591857e-05,0.0002720528798405,8.4373937203187e-05,2.11596684320389e-05,9.96612681722852e-05,0,0,1.51140488800278e-06,3.02280977600556e-06,0,0,7.77844044271495e-05,0,7.97290145378282e-05,3.02280977600556e-06,0,0,0,0,5.95368377697656e-05,7.3895184205792e-05,8.16736246485069e-05,0,0,0.000100633573227625,0,0.00019572693299636,9.72305055339368e-05,8.16736246485069e-05,0,9.09105226742309e-05,7.77844044271494e-05,0.000341577504688628,0.000103064335865973,0
"Excit-29",9.78212505311811e-07,3.45709192218151e-06,3.46820797337824e-06,3.20142274465684e-06,2.48999546806643e-06,2.84570910636163e-06,0.000105233417899873,2.31213864891883e-06,0.000124430115271036,2.35660285370573e-06,2.00088921541052e-06,0.000226954886387752,0.000227979246132829,0.000205731331230921,0.000216694105939522,0.000188172236087031,0.000210551313539016,0.000247452532146839,2.62338808242713e-06,0.000125563952493102,0.000128291549202825,0.000168282179375145,0.000255685142172329,0.000119041618158772,0.000147951644781915,0.000153073356665459,0.000146739995201472,0.000136763356663107,6.55847020606782e-06,0.000286865978325121,0.000270175071180249,0.000288514519972193,0.000357489224898502,0.000123852080608807,0.000259249010695195,0.000548627216590776,0.000264252916768699,0.000218274410605615,0.000311005304965451,0.000128028239916439,0.000149341151181506,0.000195009743578691,0.000131965890013469,0.000126486584742431,0.000167974405883973,0.000243399557371317,0.000155574468184722,0.000250009223922086,1.08559981079174e-05,6.34726523333005e-06,0.000160974081348183,5.10226749929683e-06,0.000176624070163403,0.000200868567753017,0.000232892540761781,0.000254395680233509,0.000175515940986066,0.000191544563766163,0.000313320809684326,0.000176861671405059,0.000392988138020559,0.000302915520570539,0.000254795858076591,0.000124796944960528,0.000280650422671173,0.000241843310203776,0.000683375203698737,0.000322477734994123,0.000114097763094376
"Excit-30",3.16102658547077e-06,2.01622528407687e-05,2.02038452958407e-05,1.65748001759352e-05,9.15034011583644e-06,1.66424396228646e-05,0.000134486230677171,1.32474037701765e-05,0.000158843341089711,8.4848608346847e-06,1.33150432171059e-05,0.00027604485221531,0.000276082009230789,0.000253568273160196,0.000264222050596949,0.000236675627462645,0.000256420410801789,0.000303230249572746,1.70428187103699e-05,0.000163085771507054,0.000165988372482906,0.000217027335352425,0.000319017640741726,0.000153287693868439,0.000188427794522542,0.000192985222822087,0.000183894216919696,0.000175777579242334,3.47054310512662e-05,0.000359772722830547,0.00033527752873401,0.000358349708478913,0.00044182969786245,0.000156680533425968,0.000317169830960186,0.000686342448637001,0.000332097086891434,0.000286848346156108,0.000385567827412234,0.000168654725047106,0.00019362685140654,0.000251408227437314,0.000175508609254797,0.000166537945278028,0.000219527318096338,0.000303414361151407,0.000202343525213283,0.00031296288405959,3.40624380682952e-05,3.23748891687173e-05,0.000207940764889628,2.83326482951276e-05,0.000229982004136917,0.00024676041684717,0.000294465874372606,0.000314192915953376,0.000229487330115647,0.000241990590832672,0.000386640360364919,0.000223567895176645,0.000487354605965769,0.000374276856830621,0.000315690244335968,0.000160215892107087,0.000340311889296452,0.00029759141744133,0.000840991060702767,0.000401924206633442,0.000149395744850046
"Excit-31",9.78212505311811e-07,3.45709192218151e-06,3.46820797337824e-06,3.20142274465684e-06,2.48999546806643e-06,2.84570910636163e-06,2.87905725995181e-06,2.31213864891883e-06,3.33481535901754e-06,2.35660285370573e-06,2.00088921541052e-06,0.000138646001745258,0.000139085534439723,0.000126194852347615,0.000132479010651317,0.000113314373608626,0.000128675526453261,0.000151540895846382,2.62338808242713e-06,4.4686525810835e-06,4.31302786432935e-06,6.19471440779687e-05,0.000157434197669422,3.71276109970619e-06,5.38498436339715e-05,5.5207483471597e-05,5.26381940535285e-05,4.13517104518175e-06,6.55847020606782e-06,0.000176918492809963,0.000166075856171217,0.00017739738035581,0.000219470040953943,2.75678069678783e-06,0.000158658757989838,0.000338089478370261,0.00016307783701273,3.46724104528192e-05,0.00019111575958988,4.80417089406872e-05,5.52393500335621e-05,0.000116546650969349,9.97289261223818e-06,5.39128483041168e-06,6.25803885982758e-05,0.000149827229273311,5.77085949908601e-05,0.000154097587621629,8.51668990546719e-06,6.34726523333005e-06,5.93441361084037e-05,5.10226749929683e-06,6.55839448088291e-05,0.000123086570021549,0.000143998829068675,0.000156144735730602,6.54168336429719e-05,0.000120522974204122,0.00019226161020753,6.39395100275262e-05,0.000241517931911911,0.000185950110448031,0.000156544913573684,3.70164504850947e-06,0.000171287764206628,0.000148270982105769,0.000419033376821868,0.000198494400264265,4.53534888826385e-06
"Excit-32",9.78212505311811e-07,3.45709192218151e-06,3.46820797337824e-06,3.20142274465684e-06,2.48999546806643e-06,2.84570910636163e-06,5.4825176850162e-05,2.31213864891883e-06,6.47921962826465e-05,2.35660285370573e-06,2.00088921541052e-06,0.000169172529769824,0.000169814224901537,0.000153688943813449,0.000161590401615141,0.000139191165576469,0.00015697826766809,0.000184695535555182,2.62338808242713e-06,6.59260335047125e-05,6.72336797623304e-05,8.80549788312396e-05,0.000191397487127217,6.22436000745909e-05,7.69541221766892e-05,7.92359331560234e-05,7.57424725962461e-05,7.14456358662992e-05,6.55847020606782e-06,0.000214925031012734,0.0002020607700015,0.000215808243433079,0.000267180376144655,6.42141616204168e-05,0.000193430697196628,0.000410867955779822,0.000198051938656769,0.000125202675209368,0.00023255905922588,6.76803457019972e-05,7.83436285762798e-05,0.000101432602089321,7.15072877976762e-05,6.68486657540406e-05,8.84571805661195e-05,0.000182173219233115,8.17370446752865e-05,0.000187252227330429,9.32533965446231e-06,6.34726523333005e-06,8.42967569345388e-05,5.10226749929683e-06,9.28469934892359e-05,0.000149974174175637,0.00017472751953049,0.000190108025188397,9.24488395379516e-05,0.000141798164028874,0.000234109234718028,9.16646442787874e-05,0.000293878003159345,0.000226382597897787,0.000190508203031479,6.51590259721384e-05,0.00020909213997215,0.000180616972065574,0.000510410798458317,0.000241352836961006,6.01396459144043e-05
"Excit-33",0,0,0,0,0,0,0,0,0,0,0,0,0,0,0,0,0,0,0,0,0,0,0,0,0,0,0,0,0,0,3.31161325778953e-06,0,5.67980180841809e-05,0,0,0.000146134561782689,4.13951657223691e-07,1.15906464022634e-05,0,0,0,8.27903314447383e-07,1.65580662889477e-06,0,0,0,0,0,1.65580662889477e-06,0,0,0,0,0,0,0,0,0,4.98186006077349e-05,0,6.2333418151707e-05,4.81339136306618e-05,0,0,0,0,0.000182793350403801,0,0
"Excit-34",4.89106252655905e-07,1.68408175630385e-06,1.71187188429567e-06,1.57847926993496e-06,1.22276563163976e-06,1.40062245078736e-06,1.4395286299759e-06,1.13383722206596e-06,1.62294347472186e-06,1.15606932445941e-06,9.78212505311809e-07,6.85739466744127e-05,0.000115635802912583,6.24428049484307e-05,6.55463769693767e-05,5.85055290877302e-05,6.36416563334077e-05,0.000125502407486391,1.28946193882011e-06,2.23432629054175e-06,2.15651393216467e-06,5.27301010000435e-05,0.000129662033021404,1.85638054985309e-06,1.89528672904163e-06,1.5729212443366e-06,1.28946193882011e-06,2.06758552259087e-06,3.26811905183718e-06,0.000150898559166676,0.00013724634161646,0.000151802250947703,0.000188116285433141,1.37839034839391e-06,0.000131487287805104,0.000288609380643694,0.000134028951320602,2.66356773398534e-05,0.000163643300625511,2.7456646455911e-06,2.59003992883695e-06,6.07281550798381e-05,6.31494232232535e-06,2.69564241520584e-06,3.25700300064045e-06,0.000123432599576362,2.82347700396818e-06,0.000126780753374014,5.58684096893986e-06,3.17363261666502e-06,2.64006215922221e-06,2.55113374964841e-06,3.25700300064046e-06,6.09031039594867e-05,0.000118092450227059,0.000129017302051993,5.52350884006357e-05,5.96357462248624e-05,0.000164880473942439,1.93419290823017e-06,0.000206779083005311,0.000159399856034329,0.000129217390973535,1.85082252425473e-06,0.000142350445751597,0.000122654475992592,0.000359636738242242,0.000169657488991064,2.26767444413192e-06
"Excit-35",1.46506779689204e-05,9.54102205281751e-05,9.55718921137316e-05,3.58564342488083e-05,2.61640739985703e-05,3.59969275758259e-05,0.000124186746358924,2.90838483490143e-05,0.000146405855991711,2.51481861136012e-05,2.95629709710215e-05,0.000313500169797341,0.000311930509112107,0.000292661713246374,0.000300953058592189,0.000271209683767591,0.000291654753763596,0.000347783212030144,8.91379355089273e-05,0.000155002395883044,0.000156926644171121,0.000256127925231449,0.000373536193555917,0.000143488881797992,0.000219151134762604,0.000221769154077089,0.000209846472212326,0.000164130336834694,0.000145320357478774,0.000423506311034465,0.00038983212019696,0.000417088283223664,0.000511320190190371,0.000141965168025941,0.000362885942227871,0.000805794358345586,0.000391777631967834,0.000293847548497086,0.000447808717467264,0.000164461116470791,0.000229656285969223,0.000304602533784854,0.00017592958862015,0.000162028953754081,0.000262630639879848,0.000354477498327876,0.000240971080443878,0.00036748543927748,0.000125865449342491,0.000129050278235674,0.000245859561375667,0.000125363981177094,0.000274269420195742,0.000283663851916929,0.000349580088993897,0.000363407886953979,0.000274676807534327,0.0002787371851893,0.000446701171866736,0.000257846542058868,0.000566322869006536,0.000433053515452868,0.000366455550608887,0.000149161040544472,0.000385059662393344,0.000342702487265046,0.000969145227552554,0.000469583476960885,0.000144150736208693
"Excit-36",8.44819890951109e-07,3.41262771739461e-06,3.42374376859134e-06,3.15695853986993e-06,2.48999546806643e-06,2.80124490157473e-06,2.80124490157473e-06,2.31213864891883e-06,5.01475723911606e-05,2.31213864891883e-06,1.91196080583672e-06,0.000148732582677206,0.000149328431260328,0.000135359549502893,0.000142182807639258,0.00012686888368702,0.000138109773524871,0.000162592442415982,2.57892387764023e-06,5.13703380228003e-05,5.23314201022775e-05,6.84741027662864e-05,0.000168755294155354,3.71276109970619e-06,5.96259132696509e-05,6.11256674831298e-05,5.84142636892079e-05,4.13517104518175e-06,6.55847020606782e-06,0.000189587338877554,0.000178070827447978,0.000190201001381566,0.000235373486017513,2.75678069678783e-06,0.000170249404392101,0.000362348970840115,0.000174735870894076,3.65592598671411e-05,0.00020493019280188,5.29513681310147e-05,6.10154196692416e-05,0.000125037473333797,1.02424425285699e-05,5.39128483041168e-06,6.90495865902367e-05,0.000160609225926579,6.37157074119667e-05,0.000165149134191229,8.7862398217989e-06,6.34726523333005e-06,6.55822913149375e-05,5.10226749929683e-06,7.23997069789308e-05,0.000132049104739578,0.00015424172588928,0.000167465832216534,7.21748351167168e-05,0.000124277419467314,0.000206210818377696,7.08707935903416e-05,0.000258971288994389,0.000199427606264617,0.000167866010059616,3.70164504850947e-06,0.000183889222795135,0.000159052978759037,0.000449403588957778,0.000212780545829845,4.53534888826385e-06
"Excit-37",2.40959231052331e-06,2.23438156645472e-05,2.23982212703682e-05,1.75632510495919e-05,7.75270244656446e-06,1.83637423030202e-05,2.59651070772475e-05,1.47510878200965e-05,3.05865341225234e-05,7.04966163919062e-06,1.56921872349996e-05,0.000154581096770118,0.000154374130927839,0.000143717680993563,0.000148507321027177,0.000133399105350458,0.000143710857937305,0.000170942946700313,1.94454498793981e-05,9.42548328578137e-05,3.4413588786046e-05,0.000124785420157499,0.000182482768337665,3.101360050086e-05,0.000107330501885339,0.000108803419615101,0.000103479675919699,3.52759199836146e-05,3.67201631429079e-05,0.000206516134302309,0.000191219522136843,0.000204216535822221,0.000250869067586523,2.89532033017658e-05,0.000178765727477241,0.000397558275129634,0.000190970277069673,8.58133914820816e-05,0.000219426261220113,9.84514988443466e-05,0.000111705253365973,0.000147227553259531,4.43563942891377e-05,9.70188621736784e-05,0.000127360116088861,0.000173336753411107,0.000117032352151911,0.000179226284842944,3.3195637964343e-05,3.35266307940287e-05,0.000119703794344745,3.04728595878578e-05,0.000133136185724541,0.000139503495424439,0.000169969093467157,0.000178328117393087,0.000133179934749357,0.000136992506267929,0.000219293545858503,0.000126656849531114,0.000277461556621308,0.000212481577267819,0.00017959359084636,3.19411267331046e-05,0.000189589177822065,0.000168434721324942,0.00047628993778869,0.000229612825686192,3.26906803464345e-05
"Excit-38",1.33392614360701e-07,3.19030669346011e-06,2.84570910636163e-06,2.48999546806643e-06,2.22321023934502e-06,2.31213864891883e-06,2.53445967285333e-06,1.82303239626292e-06,6.08218643919745e-05,1.95642501062362e-06,1.33392614360701e-06,0.000112859212162775,0.000113266075469574,0.000103210242229027,0.000108165904516522,9.19695089397516e-05,0.000105115596736143,0.000176095626194474,2.26767444413192e-06,6.23114152523356e-05,6.34927696519946e-05,8.32093954030801e-05,0.000129535781329091,5.87704050261649e-05,7.26848826989353e-05,7.46696457575646e-05,7.1161983684984e-05,6.76370996155945e-05,6.35838128452677e-06,0.000205423396462041,0.000192708827905634,0.000206205527663762,0.000255252792346977,6.05550791632531e-05,0.00018473771239493,0.000392673336427431,0.000189308413245759,0.000118997070059856,0.00022219823431688,6.42026704421819e-05,7.4074389098526e-05,9.62582063740248e-05,6.78314653954072e-05,6.31562351432867e-05,8.36969751693329e-05,0.000174086721743164,7.73486140959753e-05,0.000126818955084614,8.81192778370523e-06,6.30280102854314e-06,7.97891352536703e-05,4.79101806578853e-06,8.79746977472936e-05,0.000100722422472202,0.000167045346915036,0.000181617202823948,8.76619218273823e-05,9.39289869231813e-05,0.000223647328590403,8.64881998597385e-05,0.000280787985347486,0.000216274476035348,0.00018201738066703,6.15444077197616e-05,0.000139822875933528,0.000121701061781644,0.000487477514639631,0.000230371442558099,4.49088468347695e-06
"Inhib-01",0,0,0,0,0,0,0,0,0,0,0,6.97749211990073e-05,7.02370067698617e-05,6.2843637636192e-05,6.65403222030268e-05,5.91469530693572e-05,6.46919799196094e-05,7.57820336201139e-05,0,0,0,5.22156695065419e-05,7.76303759035313e-05,0,4.62085570854353e-05,4.80568993688527e-05,4.62085570854353e-05,0,0,0.000133927801285953,8.43306166809194e-05,0.000135352565129421,0.000168122133529175,0,7.94787181869487e-05,0.000257035098787734,8.02007268914087e-05,2.02162437248779e-05,0.000146038293955428,0,4.62085570854353e-05,5.87426281948596e-05,2.88803481783971e-06,0,5.17535839356875e-05,7.39336913366965e-05,4.80568993688527e-05,7.57820336201139e-05,2.88803481783971e-06,0,4.99052416522701e-05,0,5.45260973608137e-05,6.1457380923629e-05,7.02370067698617e-05,7.76303759035313e-05,5.40640117899593e-05,6.00711242110659e-05,0.000147463057798895,5.54502685025224e-05,0.000184506917729053,0.000142476384346759,7.76303759035313e-05,0,8.6410001749764e-05,7.39336913366965e-05,0.00032203513575458,0.000151024967407564,0
"Inhib-02",0,0,0,0,0,0,0,0,0,0,0,4.65166141326715e-05,4.68246711799078e-05,4.1895758424128e-05,4.43602148020179e-05,0,4.3127986613073e-05,5.05213557467426e-05,0,0,0,0,5.17535839356875e-05,0,0,0,0,0,0,5.79147248804123e-05,5.6297425382422e-05,5.85308389748847e-05,7.27014631477515e-05,0,5.29858121246325e-05,0.00017385969603395,5.34767780436652e-05,1.3747045732917e-05,6.31516946834283e-05,0,0,9.819318380655e-07,1.963863676131e-06,0,0,4.92891275577977e-05,0,5.05213557467426e-05,1.963863676131e-06,0,0,0,0,4.09715872824193e-05,4.68246711799078e-05,5.17535839356875e-05,0,0,6.37678087779007e-05,0,7.9786775234185e-05,6.16114094472471e-05,5.17535839356875e-05,0,5.7606667833176e-05,4.92891275577977e-05,0.000217603796741496,6.53080940140819e-05,0
"Inhib-03",8.19609251616473e-07,1.73410398668912e-06,1.01969817315753e-06,1.41987601623963e-06,9.53001865977175e-07,1.28648340187893e-06,1.28648340187893e-06,1.55326863060033e-06,1.75335755214138e-06,1.88675016650208e-06,1.28648340187893e-06,8.30159369770918e-06,6.77273760987547e-06,6.78130282279278e-06,6.36463610186871e-06,1.15309078751823e-06,6.477392806972e-06,7.86843809894316e-06,1.75335755214138e-06,2.75380215984664e-06,2.01120717003923e-06,2.46159244245972e-06,9.60807146085288e-06,1.65331309137086e-06,2.02290746847309e-06,1.48657232341998e-06,1.01969817315753e-06,2.32543514048872e-06,4.70692785953276e-06,6.52874448081379e-05,6.35964017088984e-05,6.48004903454774e-05,0.000132092343149135,9.53001865977174e-07,5.89088993170844e-05,0.000204902859022928,5.98748234383024e-05,2.01334767802536e-05,7.05271792987642e-05,1.21085148387502e-06,1.0530463267477e-06,2.8604375656466e-06,4.01496032087991e-06,1.13641671072314e-06,1.21978709469858e-06,5.38088276118519e-05,1.72516837586556e-06,5.56567994973631e-05,3.46213629798484e-06,1.35317970905928e-06,2.21129609158028e-06,1.98937411592979e-06,1.9111627092687e-06,7.33016501322552e-06,8.1310762962491e-06,5.74662642519697e-05,2.22023170240384e-06,2.12018724163331e-06,7.10484079097805e-05,1.72516837586556e-06,0.00014452395069613,6.77401149364606e-05,8.81388669790193e-06,1.21978709469858e-06,6.25554508904457e-05,5.46284368634684e-05,0.000251815060914913,7.34853166593872e-05,1.89190914381644e-06
"Inhib-04",9.66521314930041e-07,2.09412951568176e-06,1.20815164366255e-06,1.69141230112757e-06,1.12760820075171e-06,1.5303254153059e-06,1.5303254153059e-06,1.85249918694924e-06,2.09412951568175e-06,2.25521640150343e-06,1.5303254153059e-06,6.36697523889209e-05,6.21788996593322e-05,5.64328280630179e-05,5.88427390644378e-05,1.36923852948422e-06,5.7557240120817e-05,6.77670805127775e-05,2.09412951568175e-06,3.3022811593443e-06,2.33575984441426e-06,2.57739017314678e-06,7.08245352004367e-05,1.9733143513155e-06,2.09412951568175e-06,1.77195574403841e-06,1.20815164366255e-06,2.73847705896845e-06,5.11450862483813e-06,0.000135130071546969,7.81591732887033e-05,0.000135212310703594,0.000168253987851735,1.12760820075171e-06,0.000122692679768259,0.000260863266285111,0.000123851339616959,2.51935659016352e-05,0.000146631993658697,1.36923852948422e-06,1.24842336511797e-06,5.33230537927951e-05,4.95681316644484e-06,1.34910266875652e-06,1.44978197239506e-06,6.59983209116917e-05,2.01358607277092e-06,6.82100694487871e-05,4.31246562315815e-06,1.61086885821673e-06,2.57739017314678e-06,2.35589570514197e-06,2.21494468004801e-06,5.60526438164059e-05,6.37494967960936e-05,0.000119749452674585,2.65793361605761e-06,4.97805546801859e-05,0.000147861976876802,2.01358607277092e-06,0.000184412380932708,0.00014176494400867,7.02607311000608e-05,1.44978197239506e-06,7.67695682968136e-05,0.000113943541930148,0.000320261514819795,0.000152306173451547,2.21494468004801e-06
"Inhib-05",0,0,0,0,0,0,0,0,0,0,0,0,0,0,0,0,0,0,0,0,0,0,0,0,0,0,0,0,0,0,2.54147063969894e-06,0,0,0,0,7.39336913366965e-05,3.17683829962368e-07,8.8951472389463e-06,0,0,0,6.35367659924735e-07,1.27073531984947e-06,0,0,0,0,0,1.27073531984947e-06,0,0,0,0,0,0,0,0,0,0,0,4.73733977952973e-05,0,0,0,0,0,0.000139280292481683,0,0
"Inhib-06",0,0,0,0,0,0,4.78451101488778e-05,0,5.66054824296583e-05,0,0,0.000101755093415219,0.000102428968206048,9.164697155278e-05,9.70379698794142e-05,8.62559732261459e-05,9.43424707160971e-05,0.000157879236708571,0,5.66054824296583e-05,5.79532320113168e-05,7.61478513637069e-05,0.000113210964859317,5.39099832663412e-05,6.73874790829265e-05,7.00829782462436e-05,6.73874790829265e-05,6.19964807562924e-05,0,0.000180983515251288,0.00012233715488369,0.000182908871796515,0.000227192072336724,5.66054824296583e-05,0.000165580662889477,0.000347141785104333,0.000166552967944816,0.000105394017285697,0.000197349045885713,5.72793572204875e-05,6.73874790829265e-05,8.55050841735076e-05,5.98208278601865e-05,5.66054824296583e-05,7.54739765728777e-05,0.000107819966532682,7.00829782462436e-05,0.000157879236708571,3.88922022135747e-06,0,7.27784774095606e-05,0,7.95172253178533e-05,8.96253471802923e-05,0.000102428968206048,0.000161729949799024,7.8843350527024e-05,8.76037228078044e-05,0.00019927440243094,8.08649748995118e-05,0.000249333672606828,0.000192535654522647,0.000161729949799024,5.66054824296583e-05,0.000126014585885073,0.000154028523618118,0.000435169086352087,0.000204087793794006,5.12144841030241e-05
"Inhib-07",0,4.89810705105614e-05,4.89810705105614e-05,0,0,0,7.24511667968721e-05,0,8.57168733934825e-05,0,0,0.00020641747521373,0.000207784478360841,0.000138779699779924,0.000196848453183954,0.000130616188028164,0.000191380440595511,0.00022418851612617,4.89810705105614e-05,8.57168733934825e-05,8.77577513314225e-05,0.000115309603493613,0.000229656528714613,8.16351175176024e-05,0.000102043896897003,0.000106125652772883,0.000102043896897003,9.38803851452427e-05,6.7348971952022e-05,0.000256996591656829,0.00024340357444753,0.000259730597951051,0.000322612742718148,8.57168733934825e-05,0.000235124541303057,0.000492698739923454,0.000236501171232894,0.000156916558435957,0.000280235645157713,8.67373123624525e-05,0.000102043896897003,0.000129287692011958,9.02029541438602e-05,8.57168733934825e-05,0.000114289164524643,0.000218720503537727,0.000106125652772883,0.00022418851612617,6.26511019816694e-05,5.71445822623217e-05,0.000110207408648763,6.12263381382018e-05,0.000120411798338463,0.000135718382873014,0.000207784478360841,0.000229656528714613,0.000119391359369493,0.000132657065966104,0.000282969651451934,0.000122452676276404,0.000354053815101696,0.000273400629422159,0.000229656528714613,8.57168733934825e-05,0.000255629588509719,0.000218720503537727,0.000617923929624984,0.000289804667187488,7.75533616417223e-05
"Inhib-08",0,0,0,0,0,0,4.6478107001767e-05,0,5.4988182931668e-05,0,0,0.000158447216889412,0.000159496536206561,0.000142707427132186,0.000151101981669373,0.000134312872594999,0.00014690470440078,0.000172088368012342,0,5.4988182931668e-05,5.6297425382422e-05,7.3972198467601e-05,0.000176285645280936,5.236969803016e-05,6.54621225377e-05,6.8080607439208e-05,6.54621225377e-05,6.0225152734684e-05,0,0.000197272031623904,0.000186855852714229,0.000199370670258201,0.000247639358847029,5.4988182931668e-05,0.000180482922549529,0.000378332561137002,0.000181541868649404,0.00010558655294022,0.000215110460015427,5.5642804157045e-05,6.54621225377e-05,0.000132233487526154,5.85693461057893e-05,5.4988182931668e-05,7.3317577242224e-05,0.000167891090743748,6.8080607439208e-05,0.000172088368012342,4.23578439949824e-06,0,7.0699092340716e-05,0,7.7245304594486e-05,0.000139559469180741,0.000159496536206561,0.000176285645280936,7.6590683369109e-05,0.000136411511229295,0.000217209098649724,7.855454704524e-05,0.000271773703141443,0.000209863863429685,0.000176285645280936,5.4988182931668e-05,0.000196222712306756,0.000167891090743748,0.000474330838481993,0.000222455695235466,4.9751213128652e-05
"Inhib-09",0,0,0,0,0,0,0,0,5.42180403135774e-05,0,0,0.000155539928506121,0.000156569994257817,9.2956214003534e-05,0.000148329468244247,8.74882014150909e-05,0.000144209205237463,0.000168930783278171,0,5.41795331826729e-05,5.54695220679746e-05,7.28843720195481e-05,0.000173051046284955,5.15995554120694e-05,6.44994442650868e-05,6.70794220356903e-05,6.44994442650868e-05,5.93394887238798e-05,0,0.000193652361318878,0.000183351703801917,0.000195712492822271,0.000243095517400294,5.41795331826729e-05,0.00017717130929174,0.000370862177741523,0.000178201375043436,0.000103661196394993,0.000211163479097713,5.48245276253238e-05,6.44994442650868e-05,8.20779495230045e-05,5.76933088777112e-05,5.41795331826729e-05,7.22393775768972e-05,0.000164810520271386,6.70794220356903e-05,0.000168930783278171,4.12026300678465e-06,3.85071309045294e-08,6.96593998062937e-05,0,7.61093442328024e-05,0.00013699874497559,0.000156569994257817,0.000173051046284955,7.54643497901515e-05,8.38492775446128e-05,0.000213223610601106,7.73993331181042e-05,0.000266815910037484,0.000206013150339232,0.000173051046284955,5.41795331826729e-05,0.000192622295567182,0.000164810520271386,0.000465589719766665,0.000218373939359586,4.9019577641466e-05
"Inhib-10",5.85190498500188e-07,1.2261966882705e-06,7.26674731762169e-07,1.00964319828613e-06,6.79513320674842e-07,9.15320376111477e-07,9.15320376111477e-07,1.10396602046078e-06,1.39947877734088e-06,1.33977307589742e-06,9.15320376111477e-07,9.04365214660885e-05,8.99154620518304e-05,8.09783548017243e-05,8.51468499648468e-05,7.10580043237985e-05,8.29865606240198e-05,9.74103004126889e-05,1.24545025372277e-06,4.80459071127544e-05,1.44469518334154e-06,6.3592286955622e-05,0.000100742915755603,1.17470813709178e-06,5.61373653581295e-05,5.81243726098861e-05,5.55993362707166e-05,5.2144097289164e-05,3.09101743130659e-06,0.000113093225812939,0.000108480805819619,0.000113443559679001,0.000141069410352664,6.79513320674842e-07,0.000102873352245708,0.000280340262612507,0.000103943553325729,8.84251525293949e-05,0.000122829793159232,4.75205205584049e-05,5.56229169762603e-05,7.09818643218255e-05,4.5079570953383e-06,8.09207201164991e-07,6.23255398886531e-05,9.49862961707902e-05,5.83043639740526e-05,9.7727448870026e-05,3.9573837175693e-06,1.11651031081692e-06,6.08486538786743e-05,1.57200692882696e-06,6.61236936826768e-05,7.96808044610349e-05,9.08928702643901e-05,0.000100430094438357,6.57765941319107e-05,7.28392980153438e-05,0.000123909937829646,6.70839898202853e-05,0.000154824137863221,0.000119080090086506,0.000100335771616183,8.6815896502415e-07,0.000110770378952828,9.55714866692904e-05,0.00034729220842137,0.000127412043494164,1.35469950125829e-06
"Inhib-11",2.56714206030196e-08,0,2.56714206030196e-08,2.56714206030196e-08,2.56714206030196e-08,2.56714206030196e-08,6.0173809893478e-05,2.56714206030196e-08,7.12253564630779e-05,2.56714206030196e-08,2.56714206030196e-08,0.000133760937052034,0.000134646601062838,0.00012055299115178,0.000127561288976405,0.000108461752047758,0.000124018632933188,0.000145274569192488,2.56714206030196e-08,7.11868493321734e-05,7.29581773537818e-05,9.58314131110722e-05,0.000148996925179926,6.77982218125748e-05,8.47670308311708e-05,8.81299869301663e-05,8.47413594105677e-05,7.80154472125766e-05,1.28357103015098e-07,0.000166684533975406,0.000159509371916862,0.000168378847735206,0.000261373568869644,7.11868493321734e-05,0.000152436895540731,0.000399203426087257,0.000153595318395442,0.000129505899087083,0.000181663807897268,7.21110204738821e-05,8.47413594105677e-05,0.000112126347338839,7.48321910578022e-05,7.11868493321734e-05,9.49072419693635e-05,0.000141757584569874,8.81813297713724e-05,0.000145351583454297,5.18947767490042e-05,4.75049638258878e-05,9.1595628711574e-05,5.09192627660894e-05,0.00010006719751057,0.000117870327698765,0.000134723615324647,0.000148894239497514,9.91430263688618e-05,0.000110156065807557,0.000183435135918877,0.000101735839849767,0.000286916632369649,0.000221518688383456,0.000148894239497514,7.11868493321734e-05,0.000165638423585833,0.000141783255990477,0.000500528523207375,0.000187863455972898,6.44609371341823e-05
"Inhib-12",0,0,0,0,0,0,4.23770975604346e-05,0,5.01362844376973e-05,0,0,0.000148271707547891,0.000149253639385956,0.000133542729976908,0.000141398184681432,8.13270604703661e-05,0.00013747045732917,0.000161036821442742,0,5.01362844376973e-05,5.13300054957377e-05,6.74452397792833e-05,0.000164964548795004,4.77488423216165e-05,5.96860529020206e-05,6.20734950181014e-05,5.96860529020206e-05,5.4911168669859e-05,0,0.000184603185556314,0.000174783867175659,0.000186567049232445,0.000231735913783458,5.01362844376973e-05,0.000168892276147266,0.00035349546170358,0.000169874207985332,9.67299128321779e-05,0.000201296026803428,5.07331449667175e-05,5.96860529020206e-05,7.59745692746366e-05,5.34671512609391e-05,5.01362844376973e-05,6.68483792502631e-05,0.00015710909409048,6.20734950181014e-05,0.000161036821442742,3.927727352262e-06,0,6.44609371341823e-05,0,7.04295424243843e-05,0.000130596934462712,0.000149253639385956,0.000164964548795004,6.98326818953641e-05,7.75918687726268e-05,0.000203259890479559,7.16232634824247e-05,0.000254320346058965,0.0001963863676131,0.000164964548795004,5.01362844376973e-05,0.000183621253718249,0.00015710909409048,0.000443833190805606,0.000208169549669886,0
"Inhib-13",0,0,0,0,0,0,0,0,3.85071309045294e-08,0,0,0.000119562234762882,0.000120354037642107,0.000107685191574517,0.000114019614608312,0.000101350768540721,0.000110852403091414,0.000129855672192799,0,0,0,4.56887108182242e-05,0.000133022883709697,0,0,0,0,0,0,0.000148858941294185,0.000141037180329202,0.000150442547052633,0.000186865479496955,0,0.000136190095226594,0.000285809552356144,0.000136993931584226,2.25074180136974e-05,0.000162319590240999,0,4.04324874497559e-05,9.98297368699925e-05,3.25385256143274e-06,0,0,0.000126688460675902,0,0.000129855672192799,3.21534543052821e-06,3.85071309045294e-08,4.36670864457364e-05,0,4.7710335190712e-05,0.000105309782936843,0.000120354037642107,0.000133022883709697,4.73060103162144e-05,0.00010293437429917,0.000163903195999448,0,0.000205105826067294,0.000158360575844877,0.000133022883709697,0,0.00014806713841496,0.000126688460675902,0.000363334033649687,0.00016786221039557,0
"Inhib-14",6.4178551507549e-08,0,6.4178551507549e-08,6.4178551507549e-08,6.4178551507549e-08,6.4178551507549e-08,5.8503563090494e-05,6.4178551507549e-08,6.92037320905901e-05,6.4178551507549e-08,6.4178551507549e-08,0.000207208475861061,0.000208580292399534,0.000186823763438475,0.000197605760091744,0.000175656695476162,0.000192118493937848,0.000225042090861221,6.4178551507549e-08,6.92037320905901e-05,7.10424475912814e-05,0.000150920677261365,0.000230978606875669,6.59113723982529e-05,0.000133459297859948,0.000138728356938718,0.000133395119308441,7.59168085782798e-05,3.20892757537745e-07,0.000258350759093639,0.000244407968778624,0.000260901856516064,0.000324005417285861,6.92037320905901e-05,0.000236209158823534,0.000494239025159635,0.000237709332465023,0.00013419414227471,0.000281479104593172,7.02193576681971e-05,0.000133395119308441,0.000172977240950722,7.39320868729088e-05,6.92037320905901e-05,0.000149394832199273,0.000219619003258833,0.000138856714041733,0.000225234626515743,5.55144470540299e-06,6.4178551507549e-08,0.000144254130223518,4.95137524880741e-05,0.000157587224299211,0.000182644135271546,0.000208772828054057,0.000230721892669639,0.000156061379237119,0.000178400328553109,0.000284222737670119,0.000160189664562842,0.000355685554773775,0.000274620021900802,0.000230721892669639,6.92037320905901e-05,0.000256577826608243,0.00021968318181034,0.000620381968147723,0.000291081820362489,6.27473698089307e-05
"Inhib-15",0,0,0,0,0,0,5.46801258844318e-05,0,6.46919799196094e-05,0,0,0.00017007637042258,0.000171202704001538,0.000153181366738218,0.000162192035369878,9.85782551155953e-05,0.000157686701054048,0.000184718706949028,0,6.46919799196094e-05,6.62322651557906e-05,8.70261158442365e-05,0.000189224041264858,6.16114094472471e-05,7.70142618090588e-05,8.00948322814212e-05,7.70142618090588e-05,7.08531208643341e-05,0,0.000217180218301546,0.00020071841983986,0.000219490646155818,0.000272630486804068,6.46919799196094e-05,0.000193729375580688,0.000415877013768918,0.000194884589507823,0.000121682533658313,0.000230898383686285,6.54621225377e-05,7.70142618090588e-05,9.78081124975047e-05,6.85426930100624e-05,6.46919799196094e-05,8.62559732261459e-05,0.000180213372633198,8.00948322814212e-05,0.000184718706949028,4.77488423216165e-05,0,8.31754027537835e-05,4.62085570854353e-05,9.08768289346894e-05,0.000102428968206048,0.000171202704001538,0.000189224041264858,9.01066863165988e-05,0.000100118540351776,0.000239129282917128,9.24171141708706e-05,0.000299200407128194,0.000231042785427177,0.000194075939758828,6.46919799196094e-05,0.00021062437926505,0.000180213372633198,0.000522156695065419,0.000244905352552807,5.85308389748847e-05
"Inhib-16",0,0,0,0,0,0,4.47693530678785e-05,0,5.29665585591802e-05,0,0,0.000158447216889412,0.000159496536206561,0.000142707427132186,0.000151101981669373,0.000134312872594999,0.00014690470440078,0.000172088368012342,0,5.29665585591802e-05,5.42276670963036e-05,0.000118573082837772,0.000176285645280936,5.04443414849335e-05,6.30554268561669e-05,6.55776439304136e-05,6.30554268561669e-05,5.80109927076736e-05,0,0.000202701537081443,0.000187009881237847,0.000204857936412097,0.00025445512101713,5.29665585591802e-05,0.000180482922549529,0.000388151879517657,0.000186528542101541,0.000103333885782305,0.000221030931391999,5.35971128277419e-05,6.30554268561669e-05,0.000132271994657059,5.66488029519259e-05,5.29665585591802e-05,0.000117523763520624,0.000167891090743748,6.55776439304136e-05,0.000172088368012342,4.3127986613073e-06,0,0.00011332648625203,0,0.000123819679423514,0.000139559469180741,0.000159496536206561,0.000181137543774906,7.37748494217153e-05,0.000136411511229296,0.000223187330722653,7.56665122274003e-05,0.000279253713319647,0.000215639933065365,0.000176285645280936,5.29665585591802e-05,0.000196222712306756,0.000167891090743748,0.000487346248727724,0.000228578329049287,0
"Inhib-17",0,4.52843859437266e-05,0,0,0,0,6.69831542084289e-05,0,7.92476754015216e-05,0,0,0.00020641747521373,0.000207784478360841,0.000185912428007068,0.000196848453183954,0.000174976402830182,0.000191380440595511,0.00022418851612617,4.52843859437266e-05,7.92476754015216e-05,8.11345248158435e-05,0.00015447135562352,0.000229656528714613,7.54739765728777e-05,9.43424707160971e-05,9.8116169544741e-05,9.43424707160971e-05,8.67950730588093e-05,0,0.000262426097114368,0.000243557602971149,0.000265217864104946,0.000329428504888249,7.92476754015216e-05,0.000240091961189741,0.000502518058304109,0.00024148784468503,0.00014852200389877,0.000286156116534284,8.01911001086825e-05,9.43424707160971e-05,0.000172300157232317,8.38877846755174e-05,7.92476754015216e-05,0.000153104352476409,0.000218720503537727,9.8116169544741e-05,0.00022418851612617,5.84153175821711e-05,5.28317836010144e-05,0.000101889868373385,5.66054824296583e-05,0.000161306371359074,0.000181811418565736,0.000207784478360841,0.000229656528714613,0.000159939368211963,0.000177710409124403,0.000288947883524863,0.000113210964859317,0.000361533825279901,0.000279176699057838,0.000234508427208584,7.92476754015216e-05,0.000255629588509719,0.000218720503537727,0.000630939339870715,0.000295927301001309,7.17002777442338e-05
"Inhib-18",0,0,0,0,0,0,4.93829886893775e-05,0,5.84249443648973e-05,0,0,0.000158810627937324,0.000159862353950154,0.000143034737744875,0.000151448545847514,8.9028486651272e-05,0.000147241641796194,0.000172483066104113,0,5.84249443648973e-05,5.98160144688234e-05,7.85954608718261e-05,0.000176689970155433,5.5642804157045e-05,6.95535051963063e-05,7.23356454041585e-05,6.95535051963063e-05,6.39892247806018e-05,0,0.000203153995869571,0.00018743827306916,0.000205315208591588,0.000255023101197972,5.84249443648973e-05,0.000185864294093437,0.000389018289963009,0.000186944900454446,0.000110939044135949,0.000221524304006713,5.91204794168603e-05,6.95535051963063e-05,8.84075591654365e-05,6.20518347569676e-05,5.84249443648973e-05,7.7899925819863e-05,0.000168276162052794,7.23356454041585e-05,0.000172483066104113,4.32242544403343e-06,0,7.51177856120108e-05,0,8.20731361316414e-05,0.000139879559706385,0.000159862353950154,0.000181541868649404,8.13776010796783e-05,9.04195567551982e-05,0.00022368551672873,8.34642062355675e-05,0.000279877047501164,0.000216121272201671,0.000181541868649404,5.84249443648973e-05,0.000196672764399202,0.000168276162052794,0.000488434075175777,0.000229088548533772,5.28606639491928e-05
"Inhib-19",0,0,0,0,0,0,6.11733908332081e-05,0,7.23741525350631e-05,0,0,0.000194061499584739,0.000195346675078678,0.000174783867175659,0.000185065271127168,0.00016450246322415,0.000179924569151414,0.000210768781005942,0,7.23741525350631e-05,7.40973466430407e-05,9.73604671007396e-05,0.000215909482981696,6.89277643191077e-05,8.61597053988846e-05,8.960609361484e-05,8.61597053988846e-05,7.92669289669738e-05,0,0.00024161299286047,0.000228838252182892,0.000244183343848347,0.000303301416569526,7.23741525350631e-05,0.000221050184957451,0.000463240784781489,0.000222344987234116,0.000136199722009321,0.000263460976257427,7.32357495890519e-05,8.61597053988846e-05,0.000161951365801725,7.66917645877334e-05,7.23741525350631e-05,9.64988700467507e-05,0.000205628079030187,8.960609361484e-05,0.000210768781005942,5.34286441300346e-05,4.82494350233754e-05,9.30524818307954e-05,5.16958232393308e-05,0.000151650708284763,0.000170928340693843,0.000195346675078678,0.000215909482981696,0.000100806855316695,0.00011200761701855,0.000266031327245305,0.000103391646478662,0.000332860452930115,0.000257035098787734,0.000215909482981696,7.23741525350631e-05,0.000240327817366531,0.000205628079030187,0.000580937830391183,0.000272457204714998,6.54813761031523e-05
"Inhib-20",0,5.40640117899593e-05,5.40640117899593e-05,0,0,4.50533431582994e-05,7.99696841059815e-05,0,9.46120206324288e-05,0,4.50533431582994e-05,0.00025002680096311,0.000251682607592004,0.000225189701529688,0.000238436154560846,0.00020701433574275,0.000231812928045267,0.000271552287138742,5.40640117899593e-05,9.46120206324288e-05,9.68646877903438e-05,0.000182754843272897,0.000278175513654321,9.01066863165989e-05,0.000112633357895749,0.000168199147790985,0.000161729949799024,0.000103622689264089,7.43380162111941e-05,0.000311291646232216,0.000294733579943268,0.000314603259490005,0.000390770364419165,9.46120206324288e-05,0.0002847987401699,0.000596090386402116,0.000286454546798794,0.000177017280768122,0.000339440358923427,9.57383542113863e-05,0.000161729949799024,0.00020863163524074,0.00010010891356905,9.46120206324288e-05,0.000181137543774906,0.000264929060623162,0.000168199147790985,0.000271552287138742,6.96979069371983e-05,6.30746804216192e-05,0.000174668345782945,6.75800147374491e-05,0.000190841340762848,0.000220222281643004,0.000251682607592004,0.000278175513654321,0.000189224041264858,0.000210248934738731,0.000342751972181216,0.000194075939758828,0.000428853916883744,0.000331161325778953,0.000278175513654321,9.46120206324288e-05,0.000309635839603321,0.000264929060623162,0.000748424596260434,0.00035103100532569,8.56013520007689e-05
"Inhib-21",0,0,0,0,0,0,5.05791164430994e-05,0,5.98400814256387e-05,0,0,0.000107569670181803,0.000165349620104049,9.6883941355796e-05,0.000156647008519626,9.11848859819257e-05,9.97334690427312e-05,0.000178403537480685,0,5.98400814256387e-05,6.12648452691063e-05,8.04991571559188e-05,0.000182754843272897,5.69905537387035e-05,7.12381921733794e-05,7.40877198603146e-05,7.12381921733794e-05,6.55391367995091e-05,0,0.000204511372233956,0.000193710122015235,0.000206687025130062,0.000256727041740498,5.98400814256387e-05,0.000187106149065108,0.000392195128262632,0.000188203602295888,0.000113364993382935,0.000223004421850856,6.05524633473725e-05,7.12381921733794e-05,9.05302647565487e-05,6.35175124270213e-05,5.98400814256387e-05,7.9786775234185e-05,0.000174052231688473,7.40877198603146e-05,0.000178403537480685,4.38981292311635e-06,0,7.69372475472498e-05,0,8.40610667645877e-05,9.47467955905947e-05,0.000165349620104049,0.000182754843272897,8.33486848428539e-05,9.26096498253933e-05,0.000225180074746962,8.54858306080553e-05,0.000281747050045716,0.000217565289610591,0.000182754843272897,5.98400814256387e-05,0.000203423545785903,0.000174052231688473,0.000491736061650841,0.000230619206987227,5.41410260517684e-05
"Inhib-22",0,6.46919799196094e-05,6.46919799196094e-05,0,0,5.39099832663412e-05,0.000142680953479689,0,0.000168805635102731,0,5.39099832663412e-05,0.000309262801772683,0.000311310899797668,0.000278541331397914,0.000294926115597791,0.000262156547198036,0.000286733723497852,0.000335888076097484,6.46919799196094e-05,0.000168805635102731,0.000172824816890891,0.000227083771031055,0.000344080468197423,0.00016076727152641,0.000200959089408013,0.000208997452984333,0.000200959089408013,0.000184882362255372,8.8951472389463e-05,0.000385042428697116,0.000364561448447269,0.000389138624747085,0.000483351133896379,0.000168805635102731,0.000352272860297361,0.000737315288994477,0.000354320958322346,0.000290459288412865,0.000419860095121855,0.000170815225996811,0.000200959089408013,0.000253285466915905,0.000174988436308589,0.000168805635102731,0.000225074180136974,0.000327695683997545,0.000208997452984333,0.000335888076097484,8.36663686728163e-05,7.54739765728777e-05,0.000217035816560654,8.08649748995118e-05,0.000237131725501455,0.00027239703732296,0.000311310899797668,0.000344080468197423,0.000235122134607375,0.000261246816230417,0.000423956291171824,0.000241150907289616,0.000530457388471027,0.000409619604996932,0.000344080468197423,0.000168805635102731,0.000382994330672131,0.000327695683997545,0.000925740307293066,0.000434196781296748,0.000102428968206048
"Inhib-23",0,4.75948137979984e-05,4.75948137979984e-05,0,0,0,7.04006620762059e-05,0,8.32909241464971e-05,0,0,0.000223861205513482,0.000225343730053306,0.000201623337416116,0.000213483533734711,0.000189763141097521,0.000207553435575414,0.000243134024531199,4.75948137979984e-05,8.32909241464971e-05,8.52740413880804e-05,0.000163173967207943,0.000249064122690496,7.93246896633306e-05,9.91558620791633e-05,0.000150177810527665,9.91558620791633e-05,9.12233931128302e-05,6.54428689722478e-05,0.000278714613486984,0.00026388936808874,0.000281679662566633,0.000349875791398554,8.32909241464971e-05,0.000254994220849794,0.000533708834336778,0.000256476745389618,0.000156531487126912,0.000303917530663998,8.42824827672888e-05,9.91558620791633e-05,0.000182023207785711,8.82294636850031e-05,8.32909241464971e-05,0.000161729949799024,0.000237203926371901,0.00010312209656233,0.000243134024531199,6.1457380923629e-05,5.55272827643314e-05,0.000155953880163344,5.9493517247498e-05,0.000170394054252543,0.000197175763796643,0.000225343730053306,0.000249064122690496,0.000168950036843623,0.00019272819017717,0.000306882579743647,0.000118987034494996,0.000383973855814515,0.000296504907964877,0.000249064122690496,8.32909241464971e-05,0.00027723208894716,0.000237203926371901,0.000670101092000621,0.000314295202442769,7.53584551801641e-05
"Inhib-24",0,0,0,0,0,0,5.05791164430994e-05,0,0.000108359066365346,0,0,0.000200602898447146,0.000201931394463352,0.000180675458204052,0.000191303426333702,0.000165118577318622,0.000185989442268877,0.000217873346657828,0,5.98400814256387e-05,0.000110939044135949,0.000145768744039096,0.000223187330722653,5.69905537387035e-05,0.000128998888530174,0.00013415884407138,0.000128998888530174,6.55391367995091e-05,0,0.000249757251046778,0.000236472290884715,0.00025241424307919,0.000313525059824679,5.98400814256387e-05,0.000228501314787478,0.000478258565834255,0.000229829810803684,0.000119834191374896,0.000272341683322284,0.000109649055250648,0.000128998888530174,0.000162615613809828,6.444168356873e-05,5.98400814256387e-05,0.000144478755153794,0.000212559362593002,0.00013415884407138,0.000217873346657828,5.31398406482506e-06,0,0.000139318799612587,0,0.000152218688465605,0.000176689970155433,0.000201931394463352,0.000223187330722653,0.000150928699580303,0.000167698555089226,0.000274998675354697,0.000154798666236208,0.000344080468197423,0.000265699203241253,0.000223187330722653,5.98400814256387e-05,0.000248428755030572,0.000212559362593002,0.000600480199325232,0.000281641155435728,5.41410260517684e-05
"Inhib-25",0,0,0,0,0,0,5.12626180166548e-05,0,6.06487311746338e-05,0,0,0.000109023314373449,0.000109745323077909,9.819318380655e-05,0.000103969253442229,9.24171141708706e-05,0.00010108121862439,0.000118409427531428,0,6.06487311746338e-05,6.20927485835537e-05,8.15869836039717e-05,0.000121297462349268,5.77606963567941e-05,7.22008704459926e-05,7.50889052638324e-05,7.22008704459926e-05,6.64248008103133e-05,0,0.000135737636438466,0.000130827977248139,0.000190225226668375,0.000236279755230193,6.06487311746338e-05,0.000124185497167107,0.000361004352229963,0.000125196309353351,0.000112055750932181,0.000205243007721142,6.13707398790938e-05,7.22008704459926e-05,9.15507037255187e-05,6.39699712151495e-05,6.06487311746338e-05,8.08649748995118e-05,0.000115521392713588,7.50889052638324e-05,0.000118409427531428,4.04324874497559e-06,0,7.79769400816721e-05,0,8.51970271262713e-05,9.60271576931703e-05,0.000109745323077909,0.000121297462349268,8.44750184218114e-05,9.38611315797905e-05,0.000207245378528177,8.66410445351912e-05,0.000259307019511101,0.000200237080703553,0.000121297462349268,6.06487311746338e-05,0.000135015627734006,0.000115521392713588,0.000452574309520934,0.000212251305545766,0
"Inhib-26",0,0,0,0,0,0,0,0,0,0,0,0.000175527536141253,0.000176689970155433,0.00015285405612553,0.000167390498041989,0.000143862641059322,0.000162740761985267,0.000190639178325599,0,0,0,7.28843720195481e-05,0.000195288914382321,0,0,6.70794220356902e-05,6.44994442650868e-05,0,0,0.000218537594665931,0.000206913254524126,0.000220862462694292,0.000274334427346594,0,0.000199938650439043,0.000418476245104974,0.000201101084453223,3.25481523970535e-05,0.000238298972906999,0,6.44994442650868e-05,8.23041789170686e-05,4.64973605672193e-06,0,7.22393775768972e-05,0.000185989442268877,6.70794220356902e-05,0.000190639178325599,4.64973605672193e-06,0,6.96593998062937e-05,0,7.61093442328024e-05,0.000149482275475702,0.000176689970155433,0.000195288914382321,0.000131499445343286,8.38492775446128e-05,0.00024062384093536,7.73993331181041e-05,0.000301070409672745,0.000232486802836096,0.000195288914382321,0,0.00021737516065175,0.000185989442268877,0.000525420174409578,0.000246436011006262,0
"Inhib-27",0,0,0,0,0,0,5.80976337522088e-05,0,6.8735228664585e-05,0,0,0.000190427389105624,0.000191688497642747,0.000171510761048774,0.000181599629345761,0.000161421892751787,0.000176555195197267,0.000206821800088228,0,6.8735228664585e-05,7.03717817280275e-05,0.000138153958902725,0.000211866234236721,6.54621225377e-05,8.1827653172125e-05,8.510075929901e-05,8.1827653172125e-05,7.5281440918355e-05,0,0.000237088404979188,0.000224477319607954,0.000239610622053434,0.000297621614761108,6.8735228664585e-05,0.000216910668385214,0.000453999073364402,0.000218171776922338,0.000130231116719118,0.000258527250110284,6.95535051963063e-05,8.1827653172125e-05,0.000154124791445379,7.29613862813571e-05,6.8735228664585e-05,0.000136931357496507,0.000201777365939734,8.510075929901e-05,0.000206821800088228,5.04443414849335e-06,4.582348577639e-05,8.8373865425895e-05,4.9096591903275e-05,9.65566307431075e-05,0.000167727435437404,0.000191688497642747,0.000211866234236721,9.57383542113863e-05,0.000158938182808445,0.000261049467184531,9.819318380655e-05,0.000326627111114945,0.000252221707424668,0.000211866234236721,6.8735228664585e-05,0.000235827296442064,0.000201777365939734,0.000570021058779749,0.000267355009870148,6.2189016410815e-05
"MN-alpha",0,0,0,0,0,0,7.17676652233167e-05,0,8.49082236444874e-05,0,0,0.000223861205513482,0.000225343730053306,0.000201623337416116,0.000213483533734711,0.000189763141097521,0.000207553435575414,0.000243134024531199,0,8.49082236444874e-05,8.69298480169752e-05,0.000167525273000155,0.000249064122690496,8.08649748995118e-05,0.000148252453982438,0.000154182552141736,0.000148252453982438,9.29947211344386e-05,6.09952953527746e-05,0.000278714613486984,0.00026388936808874,0.000281679662566633,0.000349875791398554,8.49082236444874e-05,0.000254994220849794,0.000533708834336778,0.000256476745389618,0.000158764900719375,0.000303917530663998,8.59190358307313e-05,0.000148252453982438,0.000186798092017872,8.9827509617541e-05,8.49082236444874e-05,0.000166042748460331,0.000237203926371901,0.000154182552141736,0.000243134024531199,5.76836820949851e-05,5.17535839356875e-05,0.000160112650301033,6.06487311746338e-05,0.000174937895699277,0.000197175763796643,0.000225343730053306,0.000249064122690496,0.000173455371159453,0.00019272819017717,0.000306882579743647,0.000177902944778926,0.000383973855814515,0.000296504907964877,0.000249064122690496,8.49082236444874e-05,0.00027723208894716,0.000237203926371901,0.000670101092000621,0.000314295202442769,7.68217261545362e-05
"MN-gamma",0,0,0,0,0,0,0,0,5.39773707454241e-05,0,0,0.000102845326558953,0.000103526421436827,9.26289033908455e-05,9.80776624138364e-05,8.71801443678546e-05,9.5353282902341e-05,0.000111699559971314,0,5.39773707454241e-05,5.52625462393628e-05,7.26124154075348e-05,0.000114423939482809,5.14070197575468e-05,6.42587746969335e-05,6.68291256848108e-05,6.42587746969335e-05,5.91180727211788e-05,0,0.000128045837040286,0.000123083230544965,0.000129408026796034,0.000215264488539046,0,0.000117148318994305,0.000328369558788375,0.000118060456657606,0.000100080033220872,0.000139624449964142,5.46199584923935e-05,6.42587746969335e-05,8.62800401829612e-05,3.64855065320416e-06,5.39773707454241e-05,7.19698276605655e-05,0.000108975180459818,6.68291256848108e-05,0.000111699559971314,3.64855065320416e-06,0,6.93994766726882e-05,0,7.58253541423815e-05,9.0585618757224e-05,0.000103526421436827,0.000114423939482809,7.51827663954122e-05,8.35364071060135e-05,0.00014098663971989,7.71105296363202e-05,0.00023624365479497,0.000136218975574773,0.000114423939482809,0,0.000127364742162413,0.000108975180459818,0.00041228622381207,0.000144392114109259,0
"PGC",1.28357103015098e-08,0,1.28357103015098e-08,1.28357103015098e-08,1.28357103015098e-08,1.28357103015098e-08,1.28357103015098e-08,1.28357103015098e-08,1.28357103015098e-08,1.28357103015098e-08,1.28357103015098e-08,7.12414011009548e-05,7.17131134545353e-05,6.42042229281521e-05,6.79394146258914e-05,5.54631042128239e-05,6.60525652115695e-05,7.73736616975011e-05,1.28357103015098e-08,1.28357103015098e-08,5.13428412060392e-08,5.13428412060392e-08,7.93503610839336e-05,1.28357103015098e-08,2.56714206030196e-08,1.28357103015098e-08,1.28357103015098e-08,3.85071309045294e-08,6.41785515075491e-08,8.87717724452418e-05,8.56270234213719e-05,8.96766900214983e-05,0.000111375458286201,1.28357103015098e-08,8.11858676570495e-05,0.000242671938960344,8.18854138684818e-05,1.89294637671516e-05,9.67523753252056e-05,5.13428412060392e-08,1.28357103015098e-08,1.37342100226155e-06,2.72117058392008e-06,1.28357103015098e-08,1.28357103015098e-08,7.54996479934807e-05,3.85071309045294e-08,7.74121688284057e-05,2.70833487361857e-06,1.28357103015098e-08,5.13428412060392e-08,2.56714206030196e-08,5.11695591169688e-05,6.27762501571091e-05,7.17516205854398e-05,7.92990182427276e-05,1.28357103015098e-08,1.28357103015098e-08,9.76958000323665e-05,3.85071309045294e-08,0.000122250513839155,9.43938135573031e-05,7.92990182427276e-05,1.28357103015098e-08,8.82198369022769e-05,7.55124837037822e-05,0.000304655584006335,0.000100054361800269,3.85071309045294e-08
